{"accuracy": [0.44555556774139404,
  0.6866666674613953,
  0.7811111211776733,
  0.8444444537162781,
  0.894444465637207,
  0.8722222447395325,
  0.9422222375869751,
  0.9477777481079102,
  0.9566666483879089,
  0.9644444584846497],
 "loss": [1.3171899318695068,
  0.677875816822052,
  0.4884055256843567,
  0.3709913194179535,
  0.25535261631011963,
  0.3029208779335022,
  0.17000988125801086,
  0.13888037204742432,
  0.13848555088043213,
  0.09240229427814484],
 "val_accuracy": [0.5899999737739563,
  0.7366666793823242,
  0.8233333230018616,
  0.8166666626930237,
  0.8433333039283752,
  0.8999999761581421,
  0.9233333468437195,
  0.9100000262260437,
  0.9133333563804626,
  0.9399999976158142],
 "val_loss": [0.7915149927139282,
  0.5227875113487244,
  0.390997052192688,
  0.4158867597579956,
  0.3832225203514099,
  0.21966560184955597,
  0.1830621212720871,
  0.23389388620853424,
  0.24380697309970856,
  0.11864383518695831]}