{"accuracy": [0.3422222137451172, 0.4655555486679077, 0.6899999976158142, 0.7888888716697693, 0.8111110925674438, 0.8788889050483704, 0.8833333253860474, 0.9111111164093018, 0.945555567741394, 0.9222221970558167], "loss": [1.3630577325820923, 1.0287995338439941, 0.6891359686851501, 0.47840896248817444, 0.41788679361343384, 0.28711414337158203, 0.3188287019729614, 0.21673117578029633, 0.14119820296764374, 0.1931367963552475], "val_accuracy": [0.6100000143051147, 0.503333330154419, 0.7933333516120911, 0.6666666865348816, 0.8299999833106995, 0.8033333420753479, 0.9266666769981384, 0.8966666460037231, 0.9233333468437195, 0.8799999952316284], "val_loss": [1.0549980401992798, 0.9307684302330017, 0.47807392477989197, 0.7838425636291504, 0.4306061267852783, 0.5797103643417358, 0.21236158907413483, 0.22458280622959137, 0.19239473342895508, 0.25805020332336426]}