{"accuracy": [0.41777777671813965, 0.7122222185134888, 0.754444420337677, 0.8455555438995361, 0.8922222256660461, 0.9188888669013977, 0.9011111259460449, 0.9511111378669739, 0.9755555391311646, 0.9755555391311646], "loss": [1.0968585014343262, 0.6582587361335754, 0.5297418236732483, 0.38815414905548096, 0.2586524188518524, 0.21427853405475616, 0.25623610615730286, 0.13427039980888367, 0.08593381196260452, 0.06432250887155533], "val_accuracy": [0.6399999856948853, 0.7666666507720947, 0.7933333516120911, 0.9066666960716248, 0.8866666555404663, 0.7833333611488342, 0.9300000071525574, 0.9200000166893005, 0.9466666579246521, 0.9300000071525574], "val_loss": [0.779668390750885, 0.5654153227806091, 0.4752742052078247, 0.3404231071472168, 0.27804526686668396, 0.5553798675537109, 0.1710871309041977, 0.2316170483827591, 0.12220911681652069, 0.23527325689792633]}